{
  "version": 1,
  "author": "Anonymous maker",
  "editor": "wokwi",
  "parts": [
    {
      "type": "board-esp32-devkit-c-v4",
      "id": "esp",
      "top": 0,
      "left": -4.76,
      "attrs": { "env": "micropython-20231227-v1.22.0" }
    },
    {
      "type": "wokwi-led",
      "id": "led1",
      "top": 34.8,
      "left": 253.8,
      "attrs": { "color": "red", "flip": "1" }
    },
    {
      "type": "wokwi-resistor",
      "id": "r1",
      "top": 33.05,
      "left": 133,
      "rotate": 180,
      "attrs": { "value": "330" }
    },
    {
      "type": "wokwi-led",
      "id": "led2",
      "top": 102,
      "left": 215.4,
      "attrs": { "color": "red", "flip": "1" }
    },
    {
      "type": "wokwi-resistor",
      "id": "r2",
      "top": 61.85,
      "left": 123.4,
      "rotate": 180,
      "attrs": { "value": "330" }
    }
  ],
  "connections": [
    [ "esp:TX", "$serialMonitor:RX", "", [] ],
    [ "esp:RX", "$serialMonitor:TX", "", [] ],
    [ "led1:C", "esp:GND.3", "black", [ "v0" ] ],
    [ "esp:23", "r1:2", "green", [ "h0" ] ],
    [ "r1:1", "led1:A", "green", [ "h17.8", "v38.7" ] ],
    [ "led2:A", "r2:1", "gold", [ "h-38.4", "v-76.8" ] ],
    [ "r2:2", "esp:22", "gold", [ "v-19.2", "h-27.6" ] ],
    [ "led2:C", "esp:GND.3", "black", [ "v9.6", "h-115.6", "v-67.2" ] ]
  ],
  "dependencies": {}
}